date,Nickel,Aluminum,Copper,"Iron ore, cfr spot"
,($/mt),($/mt),($/mt),($/dmtu)
1960M01,1631,511.47183227539,715.4,11.42
1960M02,1631,511.47183227539,728.19,11.42
1960M03,1631,511.47183227539,684.94,11.42
1960M04,1631,511.47183227539,723.11,11.42
1960M05,1631,511.47183227539,684.75,11.42
1960M06,1631,511.47183227539,691.59,11.42
1960M07,1631,511.47183227539,702.39,11.42
1960M08,1631,511.47183227539,675.94,11.42
1960M09,1631,511.47183227539,647.06,11.42
1960M10,1631,511.47183227539,612.66,11.42
1960M11,1631,511.47183227539,642.13,11.42
1960M12,1631,511.47183227539,636.91,11.42
1961M01,1711,511.47183227539,606.71,11.02
1961M02,1711,511.47183227539,616.63,11.02
1961M03,1711,511.47183227539,621.26,11.02
1961M04,1711,511.47183227539,631.84,11.02
1961M05,1711,511.47183227539,668.44,11.02
1961M06,1711,511.47183227539,652.12,11.02
1961M07,1711,511.47183227539,633.39,11.02
1961M08,1711,511.47183227539,636.47,11.02
1961M09,1711,511.47183227539,632.72,11.02
1961M10,1711,511.47183227539,630.3,11.02
1961M11,1711,511.47183227539,632.28,11.02
1961M12,1711,511.47183227539,634.85,11.02
1962M01,1761,511.47183227539,635.37,11.01
1962M02,1761,504.85797119141,647.94,11.01
1962M03,1761,496.03948974609,647.5,11.01
1962M04,1761,496.03948974609,645.95,11.01
1962M05,1761,496.03948974609,645.73,11.01
1962M06,1761,496.03948974609,645.51,11.01
1962M07,1761,496.03948974609,645.51,11.01
1962M08,1761,496.03948974609,645.51,11.01
1962M09,1761,496.03948974609,645.51,11.01
1962M10,1761,496.03948974609,645.95,11.01
1962M11,1761,496.03948974609,645.51,11.01
1962M12,1761,496.03948974609,645.73,11.01
1963M01,1741,496.03948974609,645.51,11.02
1963M02,1742,496.03948974609,645.51,11.02
1963M03,1742,496.03948974609,645.51,11.02
1963M04,1741,496.03948974609,645.73,11.02
1963M05,1742,496.03948974609,645.51,11.02
1963M06,1742,496.03948974609,645.73,11.02
1963M07,1741,496.03948974609,645.51,11.02
1963M08,1742,496.03948974609,645.51,11.02
1963M09,1742,496.03948974609,645.51,11.02
1963M10,1741,507.06259155273,645.51,11.02
1963M11,1742,507.06259155273,645.73,11.02
1963M12,1742,507.06259155273,650.14,11.02
1964M01,1741,507.06259155273,655.65,10.24
1964M02,1742,507.06259155273,693.79,10.24
1964M03,1742,524.69946289063,745.16,10.24
1964M04,1741,529.10888671875,861.56,10.24
1964M05,1742,529.10888671875,828.28,10.24
1964M06,1742,529.10888671875,808.43,10.24
1964M07,1741,529.10888671875,854.95,10.24
1964M08,1742,529.10888671875,999.33,10.24
1964M09,1742,529.10888671875,1162.05,10.24
1964M10,1741,529.10888671875,1358.27,10.24
1964M11,1742,529.10888671875,1400.37,10.24
1964M12,1742,540.1318359375,1269.2,10.24
1965M01,1735,540.1318359375,1000.68,10.24
1965M02,1735,540.1318359375,1179.91,10.24
1965M03,1735,540.1318359375,1237.23,10.24
1965M04,1735,540.1318359375,1348.34,10.24
1965M05,1735,540.1318359375,1378.55,15.3
1965M06,1735,540.1318359375,1308.88,10.24
1965M07,1735,540.1318359375,1134.06,10.24
1965M08,1735,540.1318359375,1209.9,10.24
1965M09,1735,540.1318359375,1327.84,10.24
1965M10,1735,540.1318359375,1401.92,10.24
1965M11,1735,540.1318359375,1469.16,10.24
1965M12,1735,540.1318359375,1517.66,10.24
1966M01,1739,540.1318359375,1679.04,9.52
1966M02,1739,540.1318359375,1874.37,9.52
1966M03,1739,540.1318359375,1874.81,9.52
1966M04,1739,540.1318359375,1907.44,9.52
1966M05,1739,540.1318359375,1663.61,9.52
1966M06,1739,540.1318359375,1695.79,9.52
1966M07,1739,540.1318359375,1567.93,9.52
1966M08,1739,540.1318359375,1195.34,9.52
1966M09,1739,540.1318359375,1128.32,9.52
1966M10,1739,540.1318359375,1275.37,9.52
1966M11,1739,540.1318359375,1301.61,9.52
1966M12,1739,540.1318359375,1214.53,9.52
1967M01,1935.7,540.1318359375,1243.85,8.86
1967M02,1935.7,540.1318359375,1220.48,8.86
1967M03,1935.7,540.1318359375,1098.34,8.86
1967M04,1935.7,540.1318359375,994.72,8.86
1967M05,1935.7,540.1318359375,1036.17,8.86
1967M06,1935.7,540.1318359375,1015.22,8.86
1967M07,1935.7,540.1318359375,997.37,8.86
1967M08,1935.7,540.1318359375,1044.55,8.86
1967M09,1935.7,540.1318359375,1060.2,8.86
1967M10,1935.7,540.1318359375,1138.47,8.86
1967M11,1935.7,540.1318359375,1443.81,8.86
1967M12,1935.7,540.1318359375,1324.09,8.86
1968M01,2074.5,540.1318359375,1408.75,8.77
1968M02,2074.5,540.1318359375,1719.82,8.77
1968M03,2074.5,540.1318359375,1701.08,8.77
1968M04,2074.5,540.1318359375,1255.09,8.77
1968M05,2074.5,540.1318359375,1096.58,8.77
1968M06,2074.5,562.17797851563,1136.7,8.77
1968M07,2074.5,562.17797851563,1054.25,8.77
1968M08,2074.5,562.17797851563,1056.45,8.77
1968M09,2074.5,562.17797851563,1110.03,8.77
1968M10,2074.5,562.17797851563,1079.82,8.77
1968M11,2074.5,562.17797851563,1099.88,8.77
1968M12,2074.5,562.17797851563,1184.98,8.77
1969M01,2363.4,573.201171875,1255.53,9.84
1969M02,2363.4,584.22436523438,1285.29,9.84
1969M03,2363.4,584.22436523438,1278.46,9.84
1969M04,2363.4,584.22436523438,1388.03,9.84
1969M05,2363.4,584.22436523438,1392.44,9.84
1969M06,2363.4,584.22436523438,1483.04,9.84
1969M07,2363.4,584.22436523438,1453.95,9.84
1969M08,2363.4,584.22436523438,1606.73,9.84
1969M09,2363.4,584.22436523438,1578.95,9.84
1969M10,2363.4,601.861328125,1554.48,9.84
1969M11,2363.4,606.2705078125,1631.42,9.84
1969M12,2363.4,606.2705078125,1699.76,9.84
1970M01,2846.2,606.2705078125,1626.3,9.84
1970M02,2846.2,606.2705078125,1657.2,9.84
1970M03,2846.2,606.2705078125,1754,9.84
1970M04,2846.2,612.88427734375,1741.6,9.84
1970M05,2846.2,617.29370117188,1597.9,9.84
1970M06,2846.2,617.29370117188,1458,9.84
1970M07,2846.2,617.29370117188,1366.6,9.84
1970M08,2846.2,617.29370117188,1266.5,9.84
1970M09,2846.2,617.29370117188,1246.9,9.84
1970M10,2846.2,617.29370117188,1142.4,9.84
1970M11,2846.2,617.29370117188,1085.3,9.84
1970M12,2846.2,617.29370117188,1045.7,9.84
1971M01,2932.1,617.29370117188,1010,10.33
1971M02,2932.1,617.29370117188,1020.2,10.33
1971M03,2932.1,617.29370117188,1144.1,10.33
1971M04,2932.1,617.29370117188,1251.5,10.33
1971M05,2932.1,617.29370117188,1114.4,10.33
1971M06,2932.1,617.29370117188,1074.2,10.33
1971M07,2932.1,617.29370117188,1115.3,10.33
1971M08,2932.1,628.31665039063,1097.9,10.33
1971M09,2932.1,639.33984375,1056.4,10.33
1971M10,2932.1,639.33984375,1041.2,10.33
1971M11,2932.1,641.54443359375,1013.9,10.33
1971M12,2932.1,665.79516601563,1037.9,10.33
1972M01,3079.9,670.20458984375,1078,10.33
1972M02,3079.9,670.20458984375,1112.4,10.33
1972M03,3079.9,670.20458984375,1108.2,10.33
1972M04,3079.9,670.20458984375,1133,10.33
1972M05,3079.9,599.65673828125,1106.4,10.33
1972M06,3079.9,566.58740234375,1063.2,10.33
1972M07,3079.9,537.92724609375,1034.6,10.33
1972M08,3079.9,540.1318359375,1046.7,10.33
1972M09,3079.9,537.92724609375,1060.6,10.33
1972M10,3079.9,537.92724609375,917.5,10.33
1972M11,3079.9,540.1318359375,1007.1,10.33
1972M12,3079.9,540.1318359375,1024.4,10.33
1973M01,3373.1,542.33642578125,1119,10.33
1973M02,3373.1,557.76879882813,1243.6,10.33
1973M03,3373.1,570.99658203125,1509.5,10.33
1973M04,3373.1,570.99658203125,1588.4,10.33
1973M05,3373.1,582.01977539063,1552.2,10.33
1973M06,3373.1,601.861328125,1748.7,10.33
1973M07,3373.1,634.9306640625,2021.2,10.33
1973M08,3373.1,619.49829101563,2123,10.33
1973M09,3373.1,604.06591796875,1936.1,10.33
1973M10,3373.1,621.70288085938,2065.3,10.33
1973M11,3373.1,650.36279296875,2273,10.33
1973M12,3373.1,632.72583007813,2244.3,10.33
1974M01,3571.5,604.06591796875,2032.4,13.38
1974M02,3571.5,619.49829101563,2291.7,13.38
1974M03,3571.5,687.84155273438,2743.4,13.38
1974M04,3571.5,751.775390625,3031.8,13.38
1974M05,3571.5,765.00317382813,2875.7,13.38
1974M06,3571.5,756.1845703125,2440,13.38
1974M07,4079,760.59399414063,1919.1,13.38
1974M08,4079,848.77880859375,1802.9,13.38
1974M09,4079,837.75561523438,1460.5,13.38
1974M10,4079,844.36938476563,1398.8,13.38
1974M11,4079,842.16479492188,1416.7,13.38
1974M12,4079,859.8017578125,1289,13.38
1975M01,4431,895.07568359375,1211.2,17.3
1975M02,4431,908.30346679688,1266.5,17.3
1975M03,4431,917.12182617188,1344.2,17.3
1975M04,4431,897.2802734375,1329.2,17.3
1975M05,4431,903.89428710938,1253.8,17.3
1975M06,4431,903.89428710938,1193,17.3
1975M07,4431,864.2109375,1222.4,17.3
1975M08,4431,837.75561523438,1277.1,17.3
1975M09,4852,826.732421875,1210.1,17.3
1975M10,4852,815.70947265625,1178.8,17.3
1975M11,4852,813.5048828125,1179.7,17.3
1975M12,4852,837.75561523438,1151,17.3
1976M01,4850,853.18798828125,1193,22.72
1976M02,4850,850.9833984375,1219,22.72
1976M03,4850,815.70947265625,1329,22.72
1976M04,4850,820.11865234375,1510,22.72
1976M05,4850,824.52783203125,1512,22.72
1976M06,4850,804.68627929688,1550,22.72
1976M07,4850,903.89428710938,1647,22.72
1976M08,4850,939.16821289063,1539,22.72
1976M09,4938,996.48828125,1459,22.72
1976M10,5313,947.98657226563,1285,22.72
1976M11,5313,947.98657226563,1279,22.72
1976M12,5313,974.44213867188,1287,22.72
1977M01,5313,1058.21752929688,1396,23.06
1977M02,5313,1078.05908203125,1426,23.06
1977M03,5313,1082.46850585938,1515,23.06
1977M04,5187,1082.46850585938,1429,23.06
1977M05,5282,1082.46850585938,1371,23.06
1977M06,5313,1102.31005859375,1312,23.06
1977M07,5313,1170.6533203125,1248,23.06
1977M08,5313,1183.880859375,1160,23.06
1977M09,5313,1183.880859375,1195,23.06
1977M10,4586,1203.72241210938,1210,23.06
1977M11,4586,1236.79174804688,1182,23.06
1977M12,4586,1261.04272460938,1261,23.06
1978M01,4586,1316.158203125,1261,21.45
1978M02,4586,1320.5673828125,1217,21.45
1978M03,4586,1298.52124023438,1254,21.45
1978M04,4696,1258.83813476563,1285,21.45
1978M05,4696,1236.79174804688,1303,21.45
1978M06,4645,1247.81494140625,1333,21.45
1978M07,4586,1289.70263671875,1337,21.45
1978M08,4586,1320.5673828125,1426,21.45
1978M09,4586,1382.29663085938,1442,21.45
1978M10,4586,1424.62548828125,1506,21.45
1978M11,4586,1394.42211914063,1481,21.45
1978M12,4586,1408.75219726563,1533,21.45
1979M01,4586,1264.75634765625,1659,23.5
1979M02,4546,1441.91015625,1944,23.5
1979M03,4819,1541.69091796875,2050,23.5
1979M04,5379,1569.18627929688,2100,23.5
1979M05,5968,1576.08227539063,1926,23.5
1979M06,6519,1596.5595703125,1877.9,23.5
1979M07,6614,1534.46801757813,1814,23.5
1979M08,6614,1561.89428710938,1976.4,23.5
1979M09,6614,1615.60888671875,2095.9,23.5
1979M10,6614,1786.22021484375,2075.9,23.5
1979M11,6614,1832.54736328125,2090,23.5
1979M12,6945,1913.49438476563,2214,23.5
1980M01,6584.8,2054.86010742188,2601,28.09
1980M02,6978.9,2131.00854492188,2918,28.09
1980M03,6733.8,1978.37890625,2306,28.09
1980M04,6233.3,1932.45556640625,2070,28.09
1980M05,6000.8,1775.8037109375,2037,28.09
1980M06,6294.9,1668.96044921875,2006,28.09
1980M07,6622.2,1758.07495117188,2176,28.09
1980M08,6584.5,1783.62719726563,2082.1,28.09
1980M09,6655.3,1655.06567382813,2060,28.09
1980M10,6691.9,1626.15209960938,2040,28.09
1980M11,6452.7,1503.91015625,2010,28.09
1980M12,6391,1430.65673828125,1879,28.09
1981M01,6403.8,1430.82958984375,1869.1,28.09
1981M02,6370.7,1452.38110351563,1801,28.09
1981M03,6292.4,1442.95190429688,1818,28.09
1981M04,6307,1369.23461914063,1821,28.09
1981M05,6352.2,1296.99584960938,1742,28.09
1981M06,6169.4,1232.40673828125,1700,28.09
1981M07,6150.2,1175.31127929688,1681.9,28.09
1981M08,5999.2,1230.82885742188,1787,28.09
1981M09,5579,1168.9111328125,1710.4,28.09
1981M10,5216.8,1140.181640625,1666.3,28.09
1981M11,5100.2,1081.84643554688,1651.4,28.09
1981M12,5496.1,1130.88427734375,1655.3,28.09
1982M01,5628.8,1113.3,1610.6,32.5
1982M02,5716.8,1087.7,1598,32.5
1982M03,5653.3,1029.2,1510.4,32.5
1982M04,5394,996.2,1521.7,32.5
1982M05,5211.9,973.3,1527.7,32.5
1982M06,5186.6,918.8,1300,32.5
1982M07,5068.6,957.8,1440.9,32.5
1982M08,4953.1,958.9,1451.5,32.5
1982M09,4310.3,959.5,1426.5,32.5
1982M10,3916.5,951.5,1461,32.5
1982M11,3433.7,965.2,1443.8,32.5
1982M12,3576.3,987.4,1473.2,32.5
1983M01,3797,1076.5,1571.9,29
1983M02,4228.2,1230.4,1647.4,29
1983M03,4831.9,1301.8,1597.7,29
1983M04,4817.8,1363.6,1674.9,29
1983M05,5031.6,1453.4,1765.7,29
1983M06,4883.2,1465.6,1701.2,29
1983M07,4804.1,1520.2,1704.3,29
1983M08,4852.8,1603.6,1639.8,29
1983M09,4910.6,1613.7,1560.7,29
1983M10,4674.2,1566.3,1435.2,29
1983M11,4585.2,1516.8,1389.1,29
1983M12,4657,1549.3,1415.2,29
1984M01,4670.5,1548.9,1375.7,26.15
1984M02,4639.8,1491.2,1429.8,26.15
1984M03,4780.7,1455.8,1501.2,26.15
1984M04,4911.5,1370.3,1532.6,26.15
1984M05,4811.4,1289.1,1420.9,26.15
1984M06,4773.2,1275,1366.5,26.15
1984M07,4640.3,1162.8,1330.8,26.15
1984M08,4736,1135.8,1337.5,26.15
1984M09,4705.5,1012.1,1293.6,26.15
1984M10,4750.3,1027.9,1273,26.15
1984M11,4748.3,1151.8,1345.1,26.15
1984M12,4859,1095.2,1321.1,26.15
1985M01,4947.2,1075.4,1359.1,26.56
1985M02,5050.8,1098.2,1388.5,26.56
1985M03,5211.7,1095.3,1389.9,26.56
1985M04,5489.5,1106.3,1501.8,26.56
1985M05,5604.1,1105.2,1530.6,26.56
1985M06,5553.4,1032.2,1432.4,26.56
1985M07,5090.5,1011.6,1474.6,26.56
1985M08,4907.5,1019.3,1420.2,26.56
1985M09,4570.2,985.1,1366.4,26.56
1985M10,4239.5,970.5,1384.7,26.56
1985M11,4034.5,950.4,1369.5,26.56
1985M12,4089.6,1039.2,1390.9,26.56
1986M01,4034.5,1119.24,1418.3,26.26
1986M02,3988.2,1114.85,1405.5,26.26
1986M03,4122.6,1168.01,1445.1,26.26
1986M04,3999.2,1164.44,1434.6,26.26
1986M05,4043.3,1164.3,1418.74,26.26
1986M06,4087.4,1183.04,1413.14,26.26
1986M07,3911,1123.06,1344.3,26.26
1986M08,3807.4,1129.23,1303.1,26.26
1986M09,3723.6,1205.82,1347,26.26
1986M10,3644.2,1161.94,1316.8,26.26
1986M11,3642,1131.81,1303.2,26.26
1986M12,3571.5,1133.48,1335.6,26.26
1987M01,3525.2,1171.4,1346,25.3
1987M02,3717,1283.44,1379.83,25.3
1987M03,3772.1,1367.26,1465.72,25.3
1987M04,3897.8,1400.97,1484.24,25.3
1987M05,4435.7,1411.6,1520.44,25.3
1987M06,4435.7,1472.33,1571.87,25.3
1987M07,4753.2,1653.09,1694.62,25.3
1987M08,5306.5,1810.37,1756.31,25.3
1987M09,5333,1746.28,1811.01,25.3
1987M10,5692.3,1962.66,1967.2,25.3
1987M11,5937,1681,2523.9,25.3
1987M12,7661.1,1823.93,2868.9,25.3
1988M01,8073.3,2002.46,2663.2,24.3
1988M02,8666.9,2138.02,2330.2,24.3
1988M03,15496.8,2526.41,2359.3,24.3
1988M04,18011.8,2508.35,2286.3,24.3
1988M05,17025,2988.16,2447.99,24.3
1988M06,15589.8,3577.86,2540.27,24.3
1988M07,14591.3,2582.05,2213.51,24.3
1988M08,14187,2701.14,2200.68,24.3
1988M09,11878.4,2387.12,2435.53,24.3
1988M10,11557.5,2309.49,2939.51,24.3
1988M11,13342,2381.76,3304.66,24.3
1988M12,16920,2502.65,3498.91,24.3
1989M01,17725,2397.55,3394.06,27.83
1989M02,18523.8,2183.05,3096.92,27.83
1989M03,17157.1,2073.71,3264.14,27.83
1989M04,15261.3,2125.75,3117.91,27.83
1989M05,13454.2,2259.31,2738.98,27.83
1989M06,12142.6,1914.16,2546.01,27.83
1989M07,12275,1755.93,2505,27.83
1989M08,12909.7,1798.32,2762.2,27.83
1989M09,11222.1,1717.93,2884.4,27.83
1989M10,10424.9,1820.02,2861.4,27.83
1989M11,9793.2,1736.09,2591.3,27.83
1989M12,8809.2,1633.26,2418.6,27.83
1990M01,7055.9,1528.25,2366.64,32.5
1990M02,6976.9,1454.28,2360.16,32.5
1990M03,9266.8,1567.39,2625.61,32.5
1990M04,8939.5,1525.55,2686.15,32.5
1990M05,8698,1526.93,2741.95,32.5
1990M06,8422.1,1565.79,2584.56,32.5
1990M07,9318.2,1570.96,2769.49,32.5
1990M08,10957.4,1782.02,2957.03,32.5
1990M09,10844,2066.53,3031.37,32.5
1990M10,9145.4,1945.7,2743.56,32.5
1990M11,8587.4,1617.5,2585.89,32.5
1990M12,8157.6,1522.44,2485.38,32.5
1991M01,8568.8,1515.18,2448.52,34.76
1991M02,8672.3,1504.6,2449.38,34.76
1991M03,8700.8,1496,2409.63,34.76
1991M04,9021,1391.86,2472.04,34.76
1991M05,8452.4,1296.05,2305.88,34.76
1991M06,8280,1275.15,2219.28,34.76
1991M07,8541.3,1296.78,2236.28,34.76
1991M08,8144.7,1256.45,2233.19,34.76
1991M09,7680.7,1211.81,2324.57,34.76
1991M10,7443,1150.03,2363.64,34.76
1991M11,7244.6,1134.8,2379.84,34.76
1991M12,7117.8,1097.55,2223.14,34.76
1992M01,7517.3,1177.07,2139.23,33.1
1992M02,7861.9,1266.83,2205.97,33.1
1992M03,7417.7,1280.47,2227.33,33.1
1992M04,7420.6,1317.05,2215.33,33.1
1992M05,7326.8,1306.79,2216.52,33.1
1992M06,7192.8,1275.55,2299.2,33.1
1992M07,7497.9,1313.05,2520.32,33.1
1992M08,7268,1305.05,2521.64,33.1
1992M09,6917.5,1269.61,2414.06,33.1
1992M10,6305.3,1173.78,2249.15,33.1
1992M11,5564.88,1159.05,2158.32,33.1
1992M12,5724.07,1207.1,2206.82,33.1
1993M01,5930.93,1206.76,2256.85,29.09
1993M02,6038.68,1201.85,2212.6,29.09
1993M03,5971.3,1151.33,2152.59,29.09
1993M04,5972.33,1108.53,1949.88,29.09
1993M05,5762.55,1123.96,1794.5,29.09
1993M06,5532.43,1165.3,1853.42,29.09
1993M07,5036.2,1202.13,1927.16,29.09
1993M08,4721.81,1172.14,1947.45,29.09
1993M09,4352.89,1115.38,1861.86,29.09
1993M10,4448.9,1087.1,1646.4,29.09
1993M11,4633.89,1039.81,1630.02,29.09
1993M12,5119.12,1094.3,1724.19,29.09
1994M01,5577.95,1174.59,1805.35,26.47
1994M02,5824.95,1269.93,1866.4,26.47
1994M03,5587.54,1289.03,1914.87,26.47
1994M04,5407.97,1278.72,1881.82,26.47
1994M05,6086.65,1322.59,2150.6,26.47
1994M06,6281.84,1400.58,2364.2,26.47
1994M07,6226.76,1492.42,2458.19,26.47
1994M08,5859.5,1455.36,2406.23,26.47
1994M09,6364.75,1569.22,2505.93,26.47
1994M10,6748.29,1698.05,2547.67,26.47
1994M11,7556.14,1892.59,2802.45,26.47
1994M12,8555.5,1878.31,2985.3,26.47
1995M01,9592.55,2060.55,3008.93,28.38
1995M02,8505.45,1916.15,2877.65,28.38
1995M03,7531.91,1805.07,2924.04,28.38
1995M04,7397.83,1849,2903.5,28.38
1995M05,7232.19,1762.69,2773.31,28.38
1995M06,7871.57,1780.05,2994.64,28.38
1995M07,8596.57,1860.1,3075.67,28.38
1995M08,8944.66,1888.32,3036.84,28.38
1995M09,8405.21,1760.83,2915.52,28.38
1995M10,8061.73,1674.32,2813.55,28.38
1995M11,8505.91,1654.07,2977.36,28.38
1995M12,8090.89,1656.74,2926.26,28.38
1996M01,7862.05,1589.34,2616.41,30
1996M02,8215.55,1591.55,2537.71,30
1996M03,8021.74,1612.48,2561.02,30
1996M04,8042.85,1587.23,2595.78,30
1996M05,8026.55,1589.26,2658.26,30
1996M06,7709.48,1482.48,2173.4,30
1996M07,7203.65,1458.7,1985.57,30
1996M08,7054.36,1463.36,2008.57,30
1996M09,7318.05,1407.38,1941.45,30
1996M10,7031.39,1336.34,1961.17,30
1996M11,6943.38,1449.52,2230.86,30
1996M12,6580.75,1500.29,2268.08,30
1997M01,7071.55,1575.61,2434.93,30.15
1997M02,7734.53,1580.01,2405.85,30.15
1997M03,7895.87,1631.57,2421.29,30.15
1997M04,7315.52,1561.44,2391.18,30.15
1997M05,7482.85,1625.25,2514.33,30.15
1997M06,7062.48,1567.55,2612.62,30.15
1997M07,6835.5,1591.99,2450.46,30.15
1997M08,6761.3,1710.58,2251.2,30.15
1997M09,6503.84,1610.6,2107.3,30.15
1997M10,6380.33,1607.86,2052.26,30.15
1997M11,6139.5,1598.99,1917.45,30.15
1997M12,5945.36,1530.51,1762.33,30.15
1998M01,5491.75,1485.79,1688.45,31
1998M02,5386.88,1465.56,1664.8,31
1998M03,5395.8,1437.7,1747.98,31
1998M04,5393.88,1418.16,1800.9,31
1998M05,5020,1364.72,1732.53,31
1998M06,4475.7,1307.24,1660.52,31
1998M07,4325.43,1309.21,1651.04,31
1998M08,4080.63,1310.9,1620.93,31
1998M09,4102.16,1342.27,1647.64,31
1998M10,3871.93,1304.06,1586.39,31
1998M11,4131.91,1294.96,1573.95,31
1998M12,3878.21,1249.06,1473.57,31
1999M01,4268.75,1218.46,1431.18,27.59
1999M02,4626.38,1186.85,1410.78,27.59
1999M03,5011.3,1181.59,1378.35,27.59
1999M04,5102.63,1278.2,1466,27.59
1999M05,5399.34,1323.46,1511.16,27.59
1999M06,5195,1315.31,1422.48,27.59
1999M07,5700.11,1403.76,1640,27.59
1999M08,6448.69,1431.32,1647.62,27.59
1999M09,7028.41,1492.48,1750.34,27.59
1999M10,7321.19,1474.41,1724.12,27.59
1999M11,7949.55,1472.76,1727.55,27.59
1999M12,8083.38,1554.48,1764.75,27.59
2000M01,8309.5,1680.28,1843.98,28.79
2000M02,9653.33,1670.27,1800.83,28.79
2000M03,10280.11,1577.05,1739.39,28.79
2000M04,9727.5,1457.14,1678.75,28.79
2000M05,10130.24,1466.79,1785.62,28.79
2000M06,8410.91,1506.31,1753.18,28.79
2000M07,8164.41,1563.5,1799.36,28.79
2000M08,8006.71,1527.63,1855.86,28.79
2000M09,8637.98,1601.21,1960.41,28.79
2000M10,7678.07,1500.24,1898.59,28.79
2000M11,7339.77,1473.86,1795.11,28.79
2000M12,7314.34,1565.41,1850.55,28.79
2001M01,6994.77,1615.65,1787.5,30.03
2001M02,6524.13,1604.36,1765.65,30.03
2001M03,6133.52,1509.17,1738.77,30.03
2001M04,6329.87,1496.91,1664.16,30.03
2001M05,7060.83,1538.77,1682.21,30.03
2001M06,6641.19,1466.13,1608.45,30.03
2001M07,5937.05,1416.39,1525.21,30.03
2001M08,5520.8,1377.08,1464.43,30.03
2001M09,5027,1344.56,1426.33,30.03
2001M10,4825.33,1282.5,1377.28,30.03
2001M11,5078.41,1327.46,1427.73,30.03
2001M12,5263.82,1344.63,1471.74,30.03
2002M01,6043.18,1368.59,1503.96,29.31
2002M02,6029.25,1369.34,1561.9,29.31
2002M03,6537.5,1405,1604.88,29.31
2002M04,6958.21,1369.99,1590.33,29.31
2002M05,6761.36,1343.3,1595.68,29.31
2002M06,7119.86,1353.97,1647.53,29.31
2002M07,7142.72,1338.09,1589.46,29.31
2002M08,6717.14,1291.6,1479.55,29.31
2002M09,6640.24,1301.25,1478.71,29.31
2002M10,6804.46,1310.58,1483.76,29.31
2002M11,7313.93,1372.2,1582.29,29.31
2002M12,7193.16,1375.07,1595.68,29.31
2003M01,8026.02,1378.284,1647.66,31.95
2003M02,8623,1422.16,1683.8,31.95
2003M03,8378.81,1389.274,1658.976,31.95
2003M04,7910.125,1332.013,1587.475,31.95
2003M05,8330.625,1398.488,1648.275,31.95
2003M06,8874.762,1409.845,1686.5,31.95
2003M07,8797.391,1436.087,1710,31.95
2003M08,9351.375,1456.313,1760.275,31.95
2003M09,9965.341,1415.568,1789.523,31.95
2003M10,11047.17,1474.25,1920.543,31.95
2003M11,12086.5,1508.338,2055.425,31.95
2003M12,14162.5,1554.905,2201.286,31.95
2004M01,15326.548,1606.488,2423.571,37.9
2004M02,15145.125,1685.625,2759.525,37.9
2004M03,13715,1655.989,3008.717,37.9
2004M04,12848.125,1729.738,2948.725,37.9
2004M05,11118.289,1623.224,2733.5,37.9
2004M06,13533.523,1677.716,2686.705,37.9
2004M07,15023.295,1709.273,2808.432,37.9
2004M08,13679.524,1692.19,2846.095,37.9
2004M09,13270.909,1723.602,2894.864,37.9
2004M10,14404.286,1819.57,3012.238,37.9
2004M11,14045.455,1813.898,3122.795,37.9
2004M12,13768.81,1849.179,3145.452,37.9
2005M01,14505,1834.425,3170,65
2005M02,15349.5,1882.85,3253.7,65
2005M03,16190.65,1979.85,3379.49,65
2005M04,16141.905,1894.286,3394.476,65
2005M05,16931.5,1743.7,3249.1,65
2005M06,16159.545,1731.295,3524.068,65
2005M07,14580.714,1778.786,3614.214,65
2005M08,14892.727,1867.841,3797.75,65
2005M09,14228.182,1839.909,3857.841,65
2005M10,12402.857,1928.714,4059.762,65
2005M11,12115.682,2050.591,4269.341,65
2005M12,13429.25,2247.45,4576.775,65
2006M01,14555.238,2377.857,4734.333,67.2
2006M02,14978.75,2455.325,4982.4,65.2
2006M03,14897.391,2429.13,5102.848,66.7
2006M04,17942.222,2621.111,6387.778,67.3
2006M05,21077.143,2861.476,8045.857,67.3
2006M06,20754.545,2477.341,7197.614,69.3
2006M07,26586.19,2512.714,7712.095,70.5
2006M08,30743.636,2459.932,7695.659,69.8
2006M09,30130.714,2472.881,7602.357,70
2006M10,32702.955,2654.591,7500.386,71.7
2006M11,32113.864,2702.795,7029.182,73.5
2006M12,34570.263,2813.632,6675.105,73.5
2007M01,36811.136,2809.341,5669.659,78.2
2007M02,41184.25,2832.2,5676.45,82.66
2007M03,46324.773,2761.727,6452.477,88.55
2007M04,50266.842,2814.789,7766.474,91.26
2007M05,52179.048,2792.75,7681.42,102.02
2007M06,41718.571,2676.93,7474.38,103.21
2007M07,33425.682,2732.44,7972.57,106.09
2007M08,27652.273,2515.773,7513.5,121.89
2007M09,29537.5,2391.25,7648.975,148.65
2007M10,31055.435,2442.37,8008.435,168.11
2007M11,30610.227,2506.886,6966.705,195.09
2007M12,25991.944,2381.694,6587.667,190.12
2008M01,27689.545,2445.523,7061.023,193.37
2008M02,27955.476,2776.929,7887.69,186.12
2008M03,31225.263,3005.289,8439.289,197.12
2008M04,28763.182,2959.273,8684.932,195.95
2008M05,25735,2902.9,8382.75,192.95
2008M06,22549.048,2957.857,8260.595,183.93
2008M07,20160.217,3071.239,8414.043,180.5
2008M08,18927.75,2764.375,7634.7,178.74
2008M09,17794.545,2525.818,6990.864,139.64
2008M10,12139.783,2121.413,4925.696,88.67
2008M11,10701.5,1852.425,3717,64.95
2008M12,9686.429,1490.429,3071.976,69.98
2009M01,11306.905,1413.119,3220.69,72.51
2009M02,10408.75,1330.2,3314.725,75.59
2009M03,9696.364,1335.841,3749.75,64.07
2009M04,11166,1420.85,4406.55,59.78
2009M05,12634.737,1460.447,4568.632,62.69
2009M06,14960.455,1573.727,5013.955,71.66
2009M07,15984.565,1667.957,5215.543,83.95
2009M08,19641.75,1933.75,6165.3,97.67
2009M09,17473.182,1834.114,6196.432,80.71
2009M10,18525.227,1878.568,6287.977,86.79
2009M11,16991.19,1949.286,6675.595,99.26
2009M12,17066.429,2180.095,6981.714,105.07
2010M01,18439.25,2235.15,7386.25,125.72
2010M02,18976,2048.925,6848.175,127.49
2010M03,22461.304,2205.63,7462.826,139.69
2010M04,26030.75,2316.725,7745.075,172.47
2010M05,22008.158,2040.526,6837.684,161.35
2010M06,19388.636,1931.386,6499.295,143.63
2010M07,19517.5,1988.273,6735.25,126.36
2010M08,21413.333,2118.143,7283.952,145.34
2010M09,22643.409,2162.341,7709.295,140.62727272727
2010M10,23807.381,2346.57,8292.405,148.48095238095
2010M11,22909.318,2333.068,8469.886,156.1
2010M12,24111.19,2350.667,9147.262,163.1
2011M01,25646.25,2439.525,9555.7,179.18
2011M02,28252.25,2508.175,9867.6,187.18
2011M03,26710.35,2555.5,9503.36,169.36
2011M04,26408.33,2678.11,9492.79,179.33
2011M05,24236.73,2596.45,8959.9,177.05
2011M06,22420.93,2557.76,9066.85,170.88
2011M07,23847.95,2525.43,9650.46,172.98
2011M08,21845.09,2379.35,9000.76,177.5
2011M09,20377.59,2293.46,8300.14,177.23
2011M10,19039.05,2180.65,7394.19,150.43
2011M11,17873,2079.98,7581.02,135.54
2011M12,18266.76,2022.25,7565.48,136.39
2012M01,19854.77,2144.2,8040.47,140.26
2012M02,20393.67,2207.92,8441.49,140.4
2012M03,18660.81,2184.16,8470.78,144.66
2012M04,17939.79,2049.67,8289.48,147.64
2012M05,17068.1904761905,2007.63095238095,7955.64285714286,136.61
2012M06,16549.1428571429,1890.17857142857,7423.02380952381,134.66
2012M07,16128.4090909091,1876.25,7584.26136363636,127.94
2012M08,15735.2065217391,1845.37608695652,7515.53260869565,107.5
2012M09,17287.96,2064.12,8087.74,99.47
2012M10,17168.74,1974.3,8062.03,113.95
2012M11,16335.3636363636,1948.82954545455,7711.22727272727,120.35
2012M12,17448.5,2086.76315789474,7966.48684210526,128.51111111111
2013M01,17472.5,2037.75,8047.36,150.49090909091
2013M02,17690.1,2053.595,8060.925,154.63888888889
2013M03,16724.9285714286,1909.56666666667,7645.58333333333,139.87
2013M04,15672.9545454545,1861.67045454545,7234.27954545454,137.39090909091
2013M05,14947.9565217391,1832.02173913043,7249.41304347826,124.00952380952
2013M06,14280.275,1814.5375,7000.2375,114.815
2013M07,13750.3152173913,1769.60869565217,6906.64130434783,127.19130434783
2013M08,14314.9318181818,1817.61590909091,7192.92045454545,137.055
2013M09,13801.3928571429,1761.30476190476,7159.26904761905,134.18571428571
2013M10,14117.652173913,1814.58260869565,7203.02173913043,132.57272727273
2013M11,13684.0119047619,1747.96428571429,7070.65476190476,136.32380952381
2013M12,13924.55,1739.81,7214.9,135.79047619048
2014M01,14101.25,1727.41,7291.47,128.119
2014M02,14203.55,1695.17,7149.21,121.37
2014M03,15678.1,1705.37,6650.04,111.833
2014M04,17373.6,1810.67,6673.56,114.581
2014M05,19401.08,1751.05,6891.13,100.56
2014M06,18628.81,1838.95,6821.14,92.743
2014M07,19117.65,1948.3,7113.38,96.05
2014M08,18600.2,2030.49,7001.84,92.614
2014M09,18034.8,1990.43,6872.22,82.37954545455
2014M10,15812.37,1946.19,6737.48,81.06
2014M11,15807.05,2055.55,6712.85,73.73
2014M12,15962.05,1909.46,6446.45,68.39
2015M01,14849.19,1814.72,5830.54,68.23
2015M02,14573.84,1817.82,5729.27,62.75
2015M03,13755.5,1773.86,5939.67,58.05
2015M04,12830.92,1819.19,6042.09,52.28
2015M05,13511.34,1804.04,6294.78,60.3
2015M06,12825.23,1687.73,5833.01,62.63
2015M07,11413.1,1639.5,5456.75,52.39
2015M08,10386,1548.13,5127.3,56.19
2015M09,9937.55,1589.6,5217.25,56.95
2015M10,10316.83,1516.49,5216.09,53.12
2015M11,9244.33,1467.89,4799.9,46.86
2015M12,8707.79,1497.2,4638.83,40.5
2016M01,8507.29,1481.1,4471.79,41.88
2016M02,8298.5,1531.26,4598.62,46.83
2016M03,8717.25,1531.01,4953.8,56.2
2016M04,8878.86,1571.23,4872.74,60.92
2016M05,8660.35,1550.63,4694.54,55.13
2016M06,8928.35,1593.51,4641.97,51.98
2016M07,10262.86,1629.05,4864.9,57.26
2016M08,10335.99,1639.28,4751.67,60.89
2016M09,10191.78,1592.36,4722.2,57.79
2016M10,10259.74,1665.9,4731.26,59.09
2016M11,11128.91,1737.11,5450.93,73.1
2016M12,10972.27,1727.74,5660.35,80.02
2017M01,9971.46,1791.24,5754.56,80.41
2017M02,10643.3,1860.75,5940.91,89.44
2017M03,10204.66,1901.47,5824.63,87.65
2017M04,9609.28,1921.22,5683.9,70.22
2017M05,9155.12,1913.02,5599.56,62.43
2017M06,8931.76,1885.29,5719.76,57.48
2017M07,9491.39,1902.96,5985.12,67.74
2017M08,10889.98,2030.01,6485.63,76.07
2017M09,11215.79,2096.49,6577.17,71.53
2017M10,11335.77,2131.49,6807.6,61.66
2017M11,11972,2097.44,6826.55,64.24
2017M12,11495.11,2080.47,6833.89,72.25
2018M01,12864.88,2209.73,7065.85,76.34
2018M02,13595.88,2181.79,7006.52,77.46
2018M03,13392.5,2069.24,6799.18,70.35
2018M04,13938.1,2254.69,6851.51,65.75
2018M05,14366.49,2299.67,6825.27,66.1
2018M06,15105.65,2237.62,6965.86,65.04
2018M07,13793.86,2082.24,6250.75,64.56
2018M08,13411.35,2051.51,6051.05,67.15
2018M09,12510.35,2026.46,6050.76,68.44
2018M10,12314.91,2029.86,6219.59,73.41
2018M11,11239.72,1938.51,6195.92,73.26
2018M12,10835.08,1920.38,6075.32,69.16
2019M01,11523.09,1853.72,5939.1,76.16
2019M02,12685.23,1862.99,6300.49,88.22
2019M03,13026.27,1871.21,6439.46,86.47
2019M04,12772.79,1845.42,6438.36,93.7
2019M05,12016.31,1781.26,6017.9,100.15
2019M06,11943.94,1755.95,5882.23,108.94
2019M07,13546.3,1796.99,5941.2,120.24
2019M08,15748.64,1740.68,5709.44,93.07
2019M09,17656.88,1753.51,5759.25,93.08
2019M10,17046.22,1725.96,5757.3,88.53
2019M11,15171.81,1774.79,5859.95,84.98
2019M12,13829.42,1771.38,6077.06,92.65
2020M01,13506.86,1773.09,6031.21,95.76
2020M02,12715.55,1688.1,5687.75,87.68
2020M03,11846.23,1610.89,5182.63,88.99
2020M04,11804.01,1459.93,5057.97,84.73
2020M05,12179.61,1466.37,5239.83,93.65
2020M06,12727.15,1568.57,5754.6,103.3
2020M07,13402.3,1643.81,6372.46,108.52
2020M08,14537.75,1737.26,6498.94,121.07
2020M09,14857.49,1743.77,6704.9,123.75
2020M10,15239.36,1806.1,6713.81,119.78
2020M11,15807.73,1935.28,7068.91,124.36
2020M12,16823.04,2014.67,7772.24,155.43
2021M01,17863.18,2003.98,7972.15,169.63
2021M02,18584.38,2078.59,8470.94,163.8
2021M03,16406.66,2190.48,8988.25,168.18
2021M04,16521.25,2319.39,9324.82,179.83
2021M05,17577.06,2433.53,10161.97,207.72
2021M06,17979.57,2446.65,9631.5,214.43
2021M07,18818.51,2497.64,9450.82,214.14
2021M08,19141.3,2602.99,9370.14,162.16
2021M09,19376.88,2834.56,9324.71,124.52
2021M10,19362.39,2934.39,9829.22,122.91
2021M11,19932.86,2636.45,9728.9,96.24
2021M12,20015.55,2695.53,9551.18,116.96
2022M01,22355.4,3005.98,9782.34,132.53
2022M02,24015.55,3245.79,9943.17,142.84
2022M03,33924.18,3498.37,10230.89,152.07
2022M04,33132.74,3244.41,10161.38,151.25
2022M05,28062.55,2830.32,9377.15,131.21
2022M06,25658.63,2563.44,9024.46,130.74
2022M07,21481.89,2408.42,7544.81,108.57
2022M08,22057.39,2430.79,7981.84,108.85
2022M09,22773.97,2224.76,7746.01,99.81
2022M10,22032.89,2255.54,7651.08,92.56
2022M11,25562.7,2350.72,8049.86,93.34
2022M12,28946.81,2401.69,8375.4,111.84
2023M01,28194.61,2501.82,9037.95,122.23
2023M02,26727.95,2416.18,8936.59,127.6
2023M03,23288.61,2296.42,8856.31,128.37
2023M04,23894.56,2343.23,8809.42,117.39
2023M05,21970.39,2268.6,8217.47,105.15
2023M06,21233.28,2184.75,8396.52,113.45
2023M07,21091.26,2159.73,8476.68,114.43
2023M08,20438.65,2136.57,8349.13,110.2
2023M09,19644.64,2184.67,8276.71,120.98
2023M10,18281.23,2192.21,7937.18,118.97
2023M11,17027.36,2202.26,8189.59,131.07
2023M12,16460.84,2182.43,8399.94,137.05
2024M01,16103.83,2192.82,8338.88,135.82
2024M02,16338.46,2179.46,8304.95,124.39
2024M03,17438.83,2226.16,8689.13,109.79
2024M04,18163.95,2506.1,9464.43,112.75
2024M05,19586.98,2564.54,10139.33,118.88
2024M06,17498.01,2497.61,9648.17,107.45
2024M07,16334.88,2349.13,9385.31,106.85
2024M08,16292.12,2343.67,8971.96,99.91
2024M09,16076.74,2449.92,9237.48,92.83
2024M10,16765.8,2595.58,9533.99,101.39
2024M11,15723.06,2582.19,9075.73,100.5
2024M12,15444.89,2541.02,8916.32,102.21
2025M01,15394.14,2573.4,8991.41,99.58
2025M02,15288.09,2657.6,9330.6,105.08
2025M03,16065.69,2658.29,9739.68,100.1
2025M04,15113.29,2371.6,9176.8,97.24
2025M05,15345.79,2448.79,9532.98,96.97
2025M06,15003.11,2525.96,9835.07,92.33
2025M07,15034.02,2606.37,9770.58,97.26
2025M08,14949.25,2597.34,9669.56,99.74
2025M09,15105.64,2653.32,9983.79,103.28
2025M10,15092.12,2793.09,10739.91,103.53
2025M11,14670.77,2819.06,10812.03,102.48
2025M12,14883.99,2875.53,11785.25,104.59
